case,method,alpha,beta,settled,candidates,divergent
quartic-1-0,gd,0.1961081409655315,0,16,161,21
quartic-1-0,momentum,0.1961081409655315,0.5,14,2415,437
quartic-1-0,adam,0.13763317224553606,0.9,67,104,0
quartic-1-15,gd,0.1961081409655315,0,16,161,21
quartic-1-15,momentum,0.1961081409655315,0.5,14,2415,437
quartic-1-15,adam,0.156677021641712,0.9,54,104,0
quartic-1-45,gd,0.1961081409655315,0,16,161,21
quartic-1-45,momentum,0.1961081409655315,0.5,14,2415,437
quartic-1-45,adam,0.156677021641712,0.9,68,104,0
quartic-100-0,gd,0.0035168734920560693,0,927,161,14
quartic-100-0,momentum,0.0011151701175047578,0.9,86,2415,281
quartic-100-0,adam,0.13763317224553606,0.9,67,104,0
quartic-100-15,gd,0.0035168734920560693,0,927,161,14
quartic-100-15,momentum,0.0011151701175047578,0.9,86,2415,281
quartic-100-15,adam,1.2460064918205527,0.9,81,104,0
quartic-100-45,gd,0.0035168734920560693,0,927,161,14
quartic-100-45,momentum,0.0011151701175047578,0.9,86,2415,282
quartic-100-45,adam,3.086708490902845,0.9,82,104,0
quartic-10000-0,gd,3.516873492056069e-05,0,,161,14
quartic-10000-0,momentum,1.1151701175047578e-05,0.99,880,2415,281
quartic-10000-0,adam,0.13763317224553606,0.9,67,104,0
quartic-10000-15,gd,3.516873492056069e-05,0,,161,14
quartic-10000-15,momentum,1.1151701175047578e-05,0.99,880,2415,281
quartic-10000-15,adam,3.5138061932342515,0.9,,104,0
quartic-10000-45,gd,3.516873492056069e-05,0,,161,14
quartic-10000-45,momentum,1.1151701175047578e-05,0.99,880,2415,282
quartic-10000-45,adam,3.086708490902845,0.9,,104,0
curved-100-0.01,gd,0.01762809052506196,0,183,161,32
curved-100-0.01,momentum,0.02632635124180931,0.5,31,2415,362
curved-100-0.01,adam,0.10620837035004746,0.9,73,104,0
curved-100-0.1,gd,0.01903948981105684,0,56,161,28
curved-100-0.1,momentum,0.010826817278105132,0.8,39,2415,430
curved-100-0.1,adam,0.20303442596341179,0.9,59,104,0
curved-100-0.3,gd,0.00854562329777867,0,242,161,25
curved-100-0.3,momentum,0.017699115044247787,0.5,17,2415,415
curved-100-0.3,adam,0.7419789006313754,0.9,85,104,0
curved-10000-0.01,gd,0.0001966991814545963,0,,161,34
curved-10000-0.01,momentum,0.00014616919690830992,0.95,184,2415,401
curved-10000-0.01,adam,2.7115238530107906,0.9,138,104,0
curved-10000-0.1,gd,0.00016603622687092406,0,,161,32
curved-10000-0.1,momentum,7.40897332466775e-05,0.9,87,2415,459
curved-10000-0.1,adam,1.6146733590072229,0.9,92,104,0
curved-10000-0.3,gd,0.00010722175895172525,0,,161,24
curved-10000-0.3,momentum,7.964670607614413e-05,0.95,216,2415,470
curved-10000-0.3,adam,3.5138061932342515,0.9,108,104,0
rosenbrock-0,gd,0.0025869080263094266,0,,161,20
rosenbrock-0,momentum,0.0006793268541635024,0.95,161,2415,589
rosenbrock-0,adam,0.38813304441474017,0.9,484,104,0
rosenbrock-30,gd,0.0025869080263094266,0,,161,20
rosenbrock-30,momentum,0.0006793268541635024,0.95,161,2415,588
rosenbrock-30,adam,3.086708490902845,0.9,159,104,0
quartic-1000-0,gd,0.00035168734920560697,0,,161,14
quartic-1000-0,momentum,7.06993057913949e-05,0.975,348,2415,282
quartic-1000-0,adam,0.13763317224553606,0.9,67,104,0
quartic-100000-0,gd,3.5168734920560695e-06,0,,161,14
quartic-100000-0,momentum,3.1698911617440525e-07,0.9995,,2415,281
quartic-100000-0,adam,0.13763317224553606,0.9,67,104,0
quartic-10000-0.5,gd,3.516873492056069e-05,0,,161,14
quartic-10000-0.5,momentum,1.1151701175047578e-05,0.99,880,2415,282
quartic-10000-0.5,adam,3.5138061932342515,0.9,96,104,0
quartic-10000-1,gd,3.516873492056069e-05,0,,161,14
quartic-10000-1,momentum,1.1151701175047578e-05,0.99,880,2415,281
quartic-10000-1,adam,4.0,0.9,185,104,0
quartic-10000-2,gd,3.516873492056069e-05,0,,161,14
quartic-10000-2,momentum,1.1151701175047578e-05,0.99,880,2415,282
quartic-10000-2,adam,4.0,0.9,341,104,0
quartic-10000-5,gd,3.516873492056069e-05,0,,161,14
quartic-10000-5,momentum,1.1151701175047578e-05,0.99,880,2415,281
quartic-10000-5,adam,4.0,0.9,717,104,0
quartic-start--2.4-1.6,gd,5.252210765156093e-05,0,,161,11
quartic-start--2.4-1.6,momentum,3.076769392225096e-05,0.985,688,2415,224
quartic-start--2.4-1.6,adam,0.1,0.9,65,104,0
quartic-start--3.6-2.4,gd,2.857142857142857e-05,0,,161,16
quartic-start--3.6-2.4,momentum,8.081220356417691e-06,0.99,959,2415,356
quartic-start--3.6-2.4,adam,0.1778279410038923,0.9,71,104,0
quartic-start--3-1,gd,8.965806144370092e-05,0,,161,7
quartic-start--3-1,momentum,4.5949453002075125e-05,0.98,471,2415,138
quartic-start--3-1,adam,0.26310800201806606,0.9,76,104,0
quartic-start--2-3,gd,1.961081409655315e-05,0,,161,21
quartic-start--2-3,momentum,4.141598078158266e-06,0.995,,2415,437
quartic-start--2-3,adam,0.13763317224553606,0.9,67,104,0
